{
  "project_info": {
    "project_number": "445903469063",
    "firebase_url": "https://trivia-62790-default-rtdb.firebaseio.com",
    "project_id": "trivia-62790",
    "storage_bucket": "trivia-62790.firebasestorage.app"
  },
  "client": [
    {
      "client_info": {
        "mobilesdk_app_id": "1:445903469063:android:a42fa09619aef50c8a48a2",
        "android_client_info": {
          "package_name": "com.example.triviab"
        }
      },
      "oauth_client": [],
      "api_key": [
        {
          "current_key": "AIzaSyBal60UfB3seatya0LZ-5BoN9tQuHni35c"
        }
      ],
      "services": {
        "appinvite_service": {
          "other_platform_oauth_client": []
        }
      }
    }
  ],
  "configuration_version": "1"
}